{
  "puzzle_num": 71,
  "last_key_checked": 1967652701195686559675,
  "keys_checked": 3161006,
  "elapsed_seconds": 119.39993619918823,
  "timestamp": "2025-11-17T04:31:22.826982",
  "progress_percent": 66.66666666666676
}