{
  "puzzle_num": 71,
  "last_key_checked": 1967652701195685603303,
  "keys_checked": 433416,
  "elapsed_seconds": 30.05511713027954,
  "timestamp": "2025-11-17T03:59:13.632745",
  "progress_percent": 66.66666666666667
}