{
  "puzzle_num": 10,
  "last_key_checked": 512,
  "keys_checked": 0,
  "elapsed_seconds": 0.5011293888092041,
  "timestamp": "2025-11-15T03:52:45.838775",
  "progress_percent": 0.0
}